chromosome	base_pair_location	effect_allele	other_allele	beta	standard_error	effect_allele_frequency	p_value	variant_id	rsid    ref_allele
1	869388	A	G	-0.016619	0.00806496	0.997221	0.1	1_869388_A_G	#NA EA
1	205811055	C	T	-0.0089589	0.00331941	0.983589	9.7E-03	1_205811055_C_T	rs74143854  EA
2	70478797	T	TG	0.0187528	0.00167685	0.934121	3.5E-30	2_70478797_T_TG	rs142640435 EA
2	27875036	TAAA	T	-0.0184003	0.00101051	0.78451	5.7E-76	2_27875036_TAAA_T	rs774624803 EA
23	24145170	G	A	0.00387762	0.08757958	0.627178	2.3E-08	23_24145170_A_G	rs5949232   OA
